34,Palo Alto Caltrain Station,37.443988,-122.164759,23,Palo Alto,8/14/2013
