23,San Mateo County Center,37.487616,-122.229951,15,Redwood City,8/15/2013
37,Cowper at University,37.448598,-122.159504,11,Palo Alto,8/14/2013
