24,Redwood City Public Library,37.484219,-122.227424,15,Redwood City,8/12/2013
47,Post at Kearney,37.788975,-122.403452,19,San Francisco,8/19/2013
