22,Redwood City Caltrain Station,37.486078,-122.232089,25,Redwood City,8/15/2013
56,Beale at Market,37.792251,-122.397086,19,San Francisco,8/20/2013
