30,Evelyn Park and Ride,37.390277,-122.066553,15,Mountain View,8/16/2013
