58,San Francisco City Hall,37.77865,-122.418235,19,San Francisco,8/21/2013
83,Mezes Park,37.491269,-122.236234,15,Redwood City,2/20/2014
