54,Embarcadero at Bryant,37.787152,-122.388013,15,San Francisco,8/20/2013
