46,Washington at Kearney,37.795425,-122.404767,15,San Francisco,8/19/2013
